Workbook
Name NativeTimeline_Order_Date: #N/A
Name Slicer_Category__VLOOKUP_IFERROR: #N/A

Sheet Sheet1 - Dataset
A1: Product Catalog | G1: Stock on Hand by Warehouse | L1: Sales Orders
A2: SKU | B2: Product Name | C2: Category | D2: Unit Cost | E2: Reorder Point | G2: SKU | H2: West | I2: East | J2: Central | K2: Order ID | L2: SKU | M2: Order Date | N2: Quantity | O2: Warehouse | P2: Channel
A3: SK001 | B3: wireless mouse | C3: Peripherals | D3: 450 | E3: 40 | G3: SK001 | H3: 35 | I3: 50 | J3: 20 | K3: O001 | L3: SK001 | M3: 2026-01-05 | N3: 25 | O3: West | P3: Online
A4: SK002 | B4: USB Keyboard | C4: Peripherals | D4: 650 | E4: 35 | G4: SK002 | H4: 40 | I4: 15 | J4: 25 | K4: O002 | L4: SK001 | M4: 2026-02-10 | N4: 30 | O4: East | P4: Retail
A5: SK003 | B5: 27 inch Monitor | C5: Displays | D5: 12500 | E5: 15 | G5: SK003 | H5: 5 | I5: 4 | J5: 3 | K5: O003 | L5: SK001 | M5: 2026-03-02 | N5: 40 | O5: West | P5: Online
A6: SK004 | B6: laptop stand | C6: Accessories | D6: 900 | E6: 30 | G6: SK004 | H6: 28 | I6: 32 | J6: 12 | K6: O004 | L6: SK002 | M6: 2026-01-12 | N6: 18 | O6: Central | P6: Retail
A7: SK005 | B7: Webcam HD | C7: Peripherals | D7: 2200 | E7: 25 | G7: SK005 | H7: 20 | I7: 18 | J7: 30 | K7: O005 | L7: SK002 | M7: 2026-02-20 | N7: 22 | O7: West | P7: Online
A8: SK006 | B8: Desk Lamp LED | C8: Accessories | D8: 750 | E8: 45 | G8: SK006 | H8: 50 | I8: 40 | J8: 38 | K8: O006 | L8: SK003 | M8: 2026-01-08 | N8: 8 | O8: East | P8: Retail
A9: SK007 | B9: Noise Cancel Headset | C9: Audio | D9: 4500 | E9: 20 | G9: SK007 | H9: 4 | I9: 3 | J9: 2 | K9: O007 | L9: SK003 | M9: 2026-03-15 | N9: 12 | O9: West | P9: Online
A10: SK008 | B10: Bluetooth Speaker | C10: Audio | D10: 1800 | E10: 30 | G10: SK008 | H10: 25 | I10: 22 | J10: 28 | K10: O008 | L10: SK004 | M10: 2026-02-01 | N10: 15 | O10: Central | P10: Retail
K11: O009 | L11: SK004 | M11: 2026-03-10 | N11: 20 | O11: East | P11: Online
K12: O010 | L12: SK005 | M12: 2026-01-25 | N12: 14 | O12: West | P12: Retail
K13: O011 | L13: SK005 | M13: 2026-02-28 | N13: 16 | O13: Central | P13: Online
K14: O012 | L14: SK006 | M14: 2026-01-18 | N14: 28 | O14: East | P14: Retail
K15: O013 | L15: SK006 | M15: 2026-03-05 | N15: 32 | O15: West | P15: Online
K16: O014 | L16: SK007 | M16: 2026-02-14 | N16: 10 | O16: Central | P16: Retail
K17: O015 | L17: SK007 | M17: 2026-03-20 | N17: 9 | O17: East | P17: Online
K18: O016 | L18: SK008 | M18: 2026-01-30 | N18: 19 | O18: West | P18: Retail
K19: O017 | L19: SK008 | M19: 2026-02-22 | N19: 21 | O19: Central | P19: Online
K20: O018 | L20: SK001 | M20: 2026-03-25 | N20: 35 | O20: East | P20: Retail
K21: O019 | L21: SK003 | M21: 2026-02-05 | N21: 10 | O21: Central | P21: Online
K22: O020 | L22: SK006 | M22: 2026-02-15 | N22: 18 | O22: East | P22: Retail

Sheet Sheet2 - Q1 Answer
A1: Q1. Clean the Product Name column, convert the orders range into a formal Excel Table, and add a data validation dropdown for Category.
A3: Order ID | B3: SKU | C3: Product Name (Cleaned) | D3: Category | E3: Order Date | F3: Quantity | G3: Warehouse | H3: Channel
A4: ='Sheet1 - Dataset'!K3 -> O001 | B4: ='Sheet1 - Dataset'!L3 -> SK001 | C4: =PROPER(TRIM(VLOOKUP(B4,'Sheet1 - Dataset'!$A$3:$E$10,2,FALSE))) -> Wireless Mouse | D4: =IFERROR(VLOOKUP(B4,'Sheet1 - Dataset'!$A$3:$E$10,3,FALSE),"Not Found") -> Peripherals | E4: ='Sheet1 - Dataset'!M3 -> 2026-01-05 | F4: ='Sheet1 - Dataset'!N3 -> 25 | G4: ='Sheet1 - Dataset'!O3 -> West | H4: ='Sheet1 - Dataset'!P3 -> Online
A5: ='Sheet1 - Dataset'!K4 -> O002 | B5: ='Sheet1 - Dataset'!L4 -> SK001 | C5: =PROPER(TRIM(VLOOKUP(B5,'Sheet1 - Dataset'!$A$3:$E$10,2,FALSE))) -> Wireless Mouse | D5: =IFERROR(VLOOKUP(B5,'Sheet1 - Dataset'!$A$3:$E$10,3,FALSE),"Not Found") -> Peripherals | E5: ='Sheet1 - Dataset'!M4 -> 2026-02-10 | F5: ='Sheet1 - Dataset'!N4 -> 30 | G5: ='Sheet1 - Dataset'!O4 -> East | H5: ='Sheet1 - Dataset'!P4 -> Retail
A6: ='Sheet1 - Dataset'!K5 -> O003 | B6: ='Sheet1 - Dataset'!L5 -> SK001 | C6: =PROPER(TRIM(VLOOKUP(B6,'Sheet1 - Dataset'!$A$3:$E$10,2,FALSE))) -> Wireless Mouse | D6: =IFERROR(VLOOKUP(B6,'Sheet1 - Dataset'!$A$3:$E$10,3,FALSE),"Not Found") -> Peripherals | E6: ='Sheet1 - Dataset'!M5 -> 2026-03-02 | F6: ='Sheet1 - Dataset'!N5 -> 40 | G6: ='Sheet1 - Dataset'!O5 -> West | H6: ='Sheet1 - Dataset'!P5 -> Online
A7: ='Sheet1 - Dataset'!K6 -> O004 | B7: ='Sheet1 - Dataset'!L6 -> SK002 | C7: =PROPER(TRIM(VLOOKUP(B7,'Sheet1 - Dataset'!$A$3:$E$10,2,FALSE))) -> Usb Keyboard | D7: =IFERROR(VLOOKUP(B7,'Sheet1 - Dataset'!$A$3:$E$10,3,FALSE),"Not Found") -> Peripherals | E7: ='Sheet1 - Dataset'!M6 -> 2026-01-12 | F7: ='Sheet1 - Dataset'!N6 -> 18 | G7: ='Sheet1 - Dataset'!O6 -> Central | H7: ='Sheet1 - Dataset'!P6 -> Retail
A8: ='Sheet1 - Dataset'!K7 -> O005 | B8: ='Sheet1 - Dataset'!L7 -> SK002 | C8: =PROPER(TRIM(VLOOKUP(B8,'Sheet1 - Dataset'!$A$3:$E$10,2,FALSE))) -> Usb Keyboard | D8: =IFERROR(VLOOKUP(B8,'Sheet1 - Dataset'!$A$3:$E$10,3,FALSE),"Not Found") -> Peripherals | E8: ='Sheet1 - Dataset'!M7 -> 2026-02-20 | F8: ='Sheet1 - Dataset'!N7 -> 22 | G8: ='Sheet1 - Dataset'!O7 -> West | H8: ='Sheet1 - Dataset'!P7 -> Online
A9: ='Sheet1 - Dataset'!K8 -> O006 | B9: ='Sheet1 - Dataset'!L8 -> SK003 | C9: =PROPER(TRIM(VLOOKUP(B9,'Sheet1 - Dataset'!$A$3:$E$10,2,FALSE))) -> 27 Inch Monitor | D9: =IFERROR(VLOOKUP(B9,'Sheet1 - Dataset'!$A$3:$E$10,3,FALSE),"Not Found") -> Displays | E9: ='Sheet1 - Dataset'!M8 -> 2026-01-08 | F9: ='Sheet1 - Dataset'!N8 -> 8 | G9: ='Sheet1 - Dataset'!O8 -> East | H9: ='Sheet1 - Dataset'!P8 -> Retail
A10: ='Sheet1 - Dataset'!K9 -> O007 | B10: ='Sheet1 - Dataset'!L9 -> SK003 | C10: =PROPER(TRIM(VLOOKUP(B10,'Sheet1 - Dataset'!$A$3:$E$10,2,FALSE))) -> 27 Inch Monitor | D10: =IFERROR(VLOOKUP(B10,'Sheet1 - Dataset'!$A$3:$E$10,3,FALSE),"Not Found") -> Displays | E10: ='Sheet1 - Dataset'!M9 -> 2026-03-15 | F10: ='Sheet1 - Dataset'!N9 -> 12 | G10: ='Sheet1 - Dataset'!O9 -> West | H10: ='Sheet1 - Dataset'!P9 -> Online
A11: ='Sheet1 - Dataset'!K10 -> O008 | B11: ='Sheet1 - Dataset'!L10 -> SK004 | C11: =PROPER(TRIM(VLOOKUP(B11,'Sheet1 - Dataset'!$A$3:$E$10,2,FALSE))) -> Laptop Stand | D11: =IFERROR(VLOOKUP(B11,'Sheet1 - Dataset'!$A$3:$E$10,3,FALSE),"Not Found") -> Accessories | E11: ='Sheet1 - Dataset'!M10 -> 2026-02-01 | F11: ='Sheet1 - Dataset'!N10 -> 15 | G11: ='Sheet1 - Dataset'!O10 -> Central | H11: ='Sheet1 - Dataset'!P10 -> Retail
A12: ='Sheet1 - Dataset'!K11 -> O009 | B12: ='Sheet1 - Dataset'!L11 -> SK004 | C12: =PROPER(TRIM(VLOOKUP(B12,'Sheet1 - Dataset'!$A$3:$E$10,2,FALSE))) -> Laptop Stand | D12: =IFERROR(VLOOKUP(B12,'Sheet1 - Dataset'!$A$3:$E$10,3,FALSE),"Not Found") -> Accessories | E12: ='Sheet1 - Dataset'!M11 -> 2026-03-10 | F12: ='Sheet1 - Dataset'!N11 -> 20 | G12: ='Sheet1 - Dataset'!O11 -> East | H12: ='Sheet1 - Dataset'!P11 -> Online
A13: ='Sheet1 - Dataset'!K12 -> O010 | B13: ='Sheet1 - Dataset'!L12 -> SK005 | C13: =PROPER(TRIM(VLOOKUP(B13,'Sheet1 - Dataset'!$A$3:$E$10,2,FALSE))) -> Webcam Hd | D13: =IFERROR(VLOOKUP(B13,'Sheet1 - Dataset'!$A$3:$E$10,3,FALSE),"Not Found") -> Peripherals | E13: ='Sheet1 - Dataset'!M12 -> 2026-01-25 | F13: ='Sheet1 - Dataset'!N12 -> 14 | G13: ='Sheet1 - Dataset'!O12 -> West | H13: ='Sheet1 - Dataset'!P12 -> Retail
A14: ='Sheet1 - Dataset'!K13 -> O011 | B14: ='Sheet1 - Dataset'!L13 -> SK005 | C14: =PROPER(TRIM(VLOOKUP(B14,'Sheet1 - Dataset'!$A$3:$E$10,2,FALSE))) -> Webcam Hd | D14: =IFERROR(VLOOKUP(B14,'Sheet1 - Dataset'!$A$3:$E$10,3,FALSE),"Not Found") -> Peripherals | E14: ='Sheet1 - Dataset'!M13 -> 2026-02-28 | F14: ='Sheet1 - Dataset'!N13 -> 16 | G14: ='Sheet1 - Dataset'!O13 -> Central | H14: ='Sheet1 - Dataset'!P13 -> Online
A15: ='Sheet1 - Dataset'!K14 -> O012 | B15: ='Sheet1 - Dataset'!L14 -> SK006 | C15: =PROPER(TRIM(VLOOKUP(B15,'Sheet1 - Dataset'!$A$3:$E$10,2,FALSE))) -> Desk Lamp Led | D15: =IFERROR(VLOOKUP(B15,'Sheet1 - Dataset'!$A$3:$E$10,3,FALSE),"Not Found") -> Accessories | E15: ='Sheet1 - Dataset'!M14 -> 2026-01-18 | F15: ='Sheet1 - Dataset'!N14 -> 28 | G15: ='Sheet1 - Dataset'!O14 -> East | H15: ='Sheet1 - Dataset'!P14 -> Retail
... A23: ='Sheet1 - Dataset'!K22 -> O020 | B23: ='Sheet1 - Dataset'!L22 -> SK006 | C23: =PROPER(TRIM(VLOOKUP(B23,'Sheet1 - Dataset'!$A$3:$E$10,2,FALSE))) -> Desk Lamp Led | D23: =IFERROR(VLOOKUP(B23,'Sheet1 - Dataset'!$A$3:$E$10,3,FALSE),"Not Found") -> Accessories | E23: ='Sheet1 - Dataset'!M22 -> 2026-02-15 | F23: ='Sheet1 - Dataset'!N22 -> 18 | G23: ='Sheet1 - Dataset'!O22 -> East | H23: ='Sheet1 - Dataset'!P22 -> Retail

Sheet Sheet3 - Q2 Answer
A1: Q2. Flag each SKU Reorder Now or OK using IF, comparing its total stock across all 3 warehouses against its reorder point.
A3: SKU | B3: Total Stock (SUM) | C3: Reorder Point (VLOOKUP) | D3: Flag (IF)
A4: ='Sheet1 - Dataset'!A3 -> SK001 | B4: =SUM(VLOOKUP(A4,'Sheet1 - Dataset'!$G$3:$J$10,2,FALSE),VLOOKUP(A4,'Sheet1 - Dataset'!$G$3:$J$10,3,FALSE),VLOOKUP(A4,'Sheet1 - Dataset'!$G$3:$J$10,4,FALSE)) -> 105 | C4: =VLOOKUP(A4,'Sheet1 - Dataset'!$A$3:$E$10,5,FALSE) -> 40 | D4: =IF(B4<C4,"Reorder Now","OK") -> OK
A5: ='Sheet1 - Dataset'!A4 -> SK002 | B5: =SUM(VLOOKUP(A5,'Sheet1 - Dataset'!$G$3:$J$10,2,FALSE),VLOOKUP(A5,'Sheet1 - Dataset'!$G$3:$J$10,3,FALSE),VLOOKUP(A5,'Sheet1 - Dataset'!$G$3:$J$10,4,FALSE)) -> 80 | C5: =VLOOKUP(A5,'Sheet1 - Dataset'!$A$3:$E$10,5,FALSE) -> 35 | D5: =IF(B5<C5,"Reorder Now","OK") -> OK
A6: ='Sheet1 - Dataset'!A5 -> SK003 | B6: =SUM(VLOOKUP(A6,'Sheet1 - Dataset'!$G$3:$J$10,2,FALSE),VLOOKUP(A6,'Sheet1 - Dataset'!$G$3:$J$10,3,FALSE),VLOOKUP(A6,'Sheet1 - Dataset'!$G$3:$J$10,4,FALSE)) -> 12 | C6: =VLOOKUP(A6,'Sheet1 - Dataset'!$A$3:$E$10,5,FALSE) -> 15 | D6: =IF(B6<C6,"Reorder Now","OK") -> Reorder Now
A7: ='Sheet1 - Dataset'!A6 -> SK004 | B7: =SUM(VLOOKUP(A7,'Sheet1 - Dataset'!$G$3:$J$10,2,FALSE),VLOOKUP(A7,'Sheet1 - Dataset'!$G$3:$J$10,3,FALSE),VLOOKUP(A7,'Sheet1 - Dataset'!$G$3:$J$10,4,FALSE)) -> 72 | C7: =VLOOKUP(A7,'Sheet1 - Dataset'!$A$3:$E$10,5,FALSE) -> 30 | D7: =IF(B7<C7,"Reorder Now","OK") -> OK
A8: ='Sheet1 - Dataset'!A7 -> SK005 | B8: =SUM(VLOOKUP(A8,'Sheet1 - Dataset'!$G$3:$J$10,2,FALSE),VLOOKUP(A8,'Sheet1 - Dataset'!$G$3:$J$10,3,FALSE),VLOOKUP(A8,'Sheet1 - Dataset'!$G$3:$J$10,4,FALSE)) -> 68 | C8: =VLOOKUP(A8,'Sheet1 - Dataset'!$A$3:$E$10,5,FALSE) -> 25 | D8: =IF(B8<C8,"Reorder Now","OK") -> OK
A9: ='Sheet1 - Dataset'!A8 -> SK006 | B9: =SUM(VLOOKUP(A9,'Sheet1 - Dataset'!$G$3:$J$10,2,FALSE),VLOOKUP(A9,'Sheet1 - Dataset'!$G$3:$J$10,3,FALSE),VLOOKUP(A9,'Sheet1 - Dataset'!$G$3:$J$10,4,FALSE)) -> 128 | C9: =VLOOKUP(A9,'Sheet1 - Dataset'!$A$3:$E$10,5,FALSE) -> 45 | D9: =IF(B9<C9,"Reorder Now","OK") -> OK
A10: ='Sheet1 - Dataset'!A9 -> SK007 | B10: =SUM(VLOOKUP(A10,'Sheet1 - Dataset'!$G$3:$J$10,2,FALSE),VLOOKUP(A10,'Sheet1 - Dataset'!$G$3:$J$10,3,FALSE),VLOOKUP(A10,'Sheet1 - Dataset'!$G$3:$J$10,4,FALSE)) -> 9 | C10: =VLOOKUP(A10,'Sheet1 - Dataset'!$A$3:$E$10,5,FALSE) -> 20 | D10: =IF(B10<C10,"Reorder Now","OK") -> Reorder Now
A11: ='Sheet1 - Dataset'!A10 -> SK008 | B11: =SUM(VLOOKUP(A11,'Sheet1 - Dataset'!$G$3:$J$10,2,FALSE),VLOOKUP(A11,'Sheet1 - Dataset'!$G$3:$J$10,3,FALSE),VLOOKUP(A11,'Sheet1 - Dataset'!$G$3:$J$10,4,FALSE)) -> 75 | C11: =VLOOKUP(A11,'Sheet1 - Dataset'!$A$3:$E$10,5,FALSE) -> 30 | D11: =IF(B11<C11,"Reorder Now","OK") -> OK

Sheet Sheet4 - Q3 Answer
A1: Q3. VLOOKUP each order's Category and Unit Cost from the product catalog, wrapped in IFERROR.
A3: Order ID | B3: SKU | C3: Quantity | D3: Category (VLOOKUP+IFERROR) | E3: Unit Cost (VLOOKUP+IFERROR) | F3: Line Value | G3: Order Date
A4: ='Sheet1 - Dataset'!K3 -> O001 | B4: ='Sheet1 - Dataset'!L3 -> SK001 | C4: ='Sheet1 - Dataset'!N3 -> 25 | D4: =IFERROR(VLOOKUP(B4,'Sheet1 - Dataset'!$A$3:$E$10,3,FALSE),"Not Found") -> Peripherals | E4: =IFERROR(VLOOKUP(B4,'Sheet1 - Dataset'!$A$3:$E$10,4,FALSE),0) -> 450 | F4: =C4*E4 -> 11250 | G4: =IFERROR(DATEVALUE('Sheet1 - Dataset'!M3),'Sheet1 - Dataset'!M3) -> 46027 | H4: =ISNUMBER(G4) -> TRUE
A5: ='Sheet1 - Dataset'!K4 -> O002 | B5: ='Sheet1 - Dataset'!L4 -> SK001 | C5: ='Sheet1 - Dataset'!N4 -> 30 | D5: =IFERROR(VLOOKUP(B5,'Sheet1 - Dataset'!$A$3:$E$10,3,FALSE),"Not Found") -> Peripherals | E5: =IFERROR(VLOOKUP(B5,'Sheet1 - Dataset'!$A$3:$E$10,4,FALSE),0) -> 450 | F5: =C5*E5 -> 13500 | G5: =IFERROR(DATEVALUE('Sheet1 - Dataset'!M4),'Sheet1 - Dataset'!M4) -> 46063
A6: ='Sheet1 - Dataset'!K5 -> O003 | B6: ='Sheet1 - Dataset'!L5 -> SK001 | C6: ='Sheet1 - Dataset'!N5 -> 40 | D6: =IFERROR(VLOOKUP(B6,'Sheet1 - Dataset'!$A$3:$E$10,3,FALSE),"Not Found") -> Peripherals | E6: =IFERROR(VLOOKUP(B6,'Sheet1 - Dataset'!$A$3:$E$10,4,FALSE),0) -> 450 | F6: =C6*E6 -> 18000 | G6: =IFERROR(DATEVALUE('Sheet1 - Dataset'!M5),'Sheet1 - Dataset'!M5) -> 46083
A7: ='Sheet1 - Dataset'!K6 -> O004 | B7: ='Sheet1 - Dataset'!L6 -> SK002 | C7: ='Sheet1 - Dataset'!N6 -> 18 | D7: =IFERROR(VLOOKUP(B7,'Sheet1 - Dataset'!$A$3:$E$10,3,FALSE),"Not Found") -> Peripherals | E7: =IFERROR(VLOOKUP(B7,'Sheet1 - Dataset'!$A$3:$E$10,4,FALSE),0) -> 650 | F7: =C7*E7 -> 11700 | G7: =IFERROR(DATEVALUE('Sheet1 - Dataset'!M6),'Sheet1 - Dataset'!M6) -> 46034
A8: ='Sheet1 - Dataset'!K7 -> O005 | B8: ='Sheet1 - Dataset'!L7 -> SK002 | C8: ='Sheet1 - Dataset'!N7 -> 22 | D8: =IFERROR(VLOOKUP(B8,'Sheet1 - Dataset'!$A$3:$E$10,3,FALSE),"Not Found") -> Peripherals | E8: =IFERROR(VLOOKUP(B8,'Sheet1 - Dataset'!$A$3:$E$10,4,FALSE),0) -> 650 | F8: =C8*E8 -> 14300 | G8: =IFERROR(DATEVALUE('Sheet1 - Dataset'!M7),'Sheet1 - Dataset'!M7) -> 46073
A9: ='Sheet1 - Dataset'!K8 -> O006 | B9: ='Sheet1 - Dataset'!L8 -> SK003 | C9: ='Sheet1 - Dataset'!N8 -> 8 | D9: =IFERROR(VLOOKUP(B9,'Sheet1 - Dataset'!$A$3:$E$10,3,FALSE),"Not Found") -> Displays | E9: =IFERROR(VLOOKUP(B9,'Sheet1 - Dataset'!$A$3:$E$10,4,FALSE),0) -> 12500 | F9: =C9*E9 -> 100000 | G9: =IFERROR(DATEVALUE('Sheet1 - Dataset'!M8),'Sheet1 - Dataset'!M8) -> 46030
A10: ='Sheet1 - Dataset'!K9 -> O007 | B10: ='Sheet1 - Dataset'!L9 -> SK003 | C10: ='Sheet1 - Dataset'!N9 -> 12 | D10: =IFERROR(VLOOKUP(B10,'Sheet1 - Dataset'!$A$3:$E$10,3,FALSE),"Not Found") -> Displays | E10: =IFERROR(VLOOKUP(B10,'Sheet1 - Dataset'!$A$3:$E$10,4,FALSE),0) -> 12500 | F10: =C10*E10 -> 150000 | G10: =IFERROR(DATEVALUE('Sheet1 - Dataset'!M9),'Sheet1 - Dataset'!M9) -> 46096
A11: ='Sheet1 - Dataset'!K10 -> O008 | B11: ='Sheet1 - Dataset'!L10 -> SK004 | C11: ='Sheet1 - Dataset'!N10 -> 15 | D11: =IFERROR(VLOOKUP(B11,'Sheet1 - Dataset'!$A$3:$E$10,3,FALSE),"Not Found") -> Accessories | E11: =IFERROR(VLOOKUP(B11,'Sheet1 - Dataset'!$A$3:$E$10,4,FALSE),0) -> 900 | F11: =C11*E11 -> 13500 | G11: =IFERROR(DATEVALUE('Sheet1 - Dataset'!M10),'Sheet1 - Dataset'!M10) -> 46054
A12: ='Sheet1 - Dataset'!K11 -> O009 | B12: ='Sheet1 - Dataset'!L11 -> SK004 | C12: ='Sheet1 - Dataset'!N11 -> 20 | D12: =IFERROR(VLOOKUP(B12,'Sheet1 - Dataset'!$A$3:$E$10,3,FALSE),"Not Found") -> Accessories | E12: =IFERROR(VLOOKUP(B12,'Sheet1 - Dataset'!$A$3:$E$10,4,FALSE),0) -> 900 | F12: =C12*E12 -> 18000 | G12: =IFERROR(DATEVALUE('Sheet1 - Dataset'!M11),'Sheet1 - Dataset'!M11) -> 46091
A13: ='Sheet1 - Dataset'!K12 -> O010 | B13: ='Sheet1 - Dataset'!L12 -> SK005 | C13: ='Sheet1 - Dataset'!N12 -> 14 | D13: =IFERROR(VLOOKUP(B13,'Sheet1 - Dataset'!$A$3:$E$10,3,FALSE),"Not Found") -> Peripherals | E13: =IFERROR(VLOOKUP(B13,'Sheet1 - Dataset'!$A$3:$E$10,4,FALSE),0) -> 2200 | F13: =C13*E13 -> 30800 | G13: =IFERROR(DATEVALUE('Sheet1 - Dataset'!M12),'Sheet1 - Dataset'!M12) -> 46047
A14: ='Sheet1 - Dataset'!K13 -> O011 | B14: ='Sheet1 - Dataset'!L13 -> SK005 | C14: ='Sheet1 - Dataset'!N13 -> 16 | D14: =IFERROR(VLOOKUP(B14,'Sheet1 - Dataset'!$A$3:$E$10,3,FALSE),"Not Found") -> Peripherals | E14: =IFERROR(VLOOKUP(B14,'Sheet1 - Dataset'!$A$3:$E$10,4,FALSE),0) -> 2200 | F14: =C14*E14 -> 35200 | G14: =IFERROR(DATEVALUE('Sheet1 - Dataset'!M13),'Sheet1 - Dataset'!M13) -> 46081
A15: ='Sheet1 - Dataset'!K14 -> O012 | B15: ='Sheet1 - Dataset'!L14 -> SK006 | C15: ='Sheet1 - Dataset'!N14 -> 28 | D15: =IFERROR(VLOOKUP(B15,'Sheet1 - Dataset'!$A$3:$E$10,3,FALSE),"Not Found") -> Accessories | E15: =IFERROR(VLOOKUP(B15,'Sheet1 - Dataset'!$A$3:$E$10,4,FALSE),0) -> 750 | F15: =C15*E15 -> 21000 | G15: =IFERROR(DATEVALUE('Sheet1 - Dataset'!M14),'Sheet1 - Dataset'!M14) -> 46040
A16: ='Sheet1 - Dataset'!K15 -> O013 | B16: ='Sheet1 - Dataset'!L15 -> SK006 | C16: ='Sheet1 - Dataset'!N15 -> 32 | D16: =IFERROR(VLOOKUP(B16,'Sheet1 - Dataset'!$A$3:$E$10,3,FALSE),"Not Found") -> Accessories | E16: =IFERROR(VLOOKUP(B16,'Sheet1 - Dataset'!$A$3:$E$10,4,FALSE),0) -> 750 | F16: =C16*E16 -> 24000 | G16: =IFERROR(DATEVALUE('Sheet1 - Dataset'!M15),'Sheet1 - Dataset'!M15) -> 46086
... A23: ='Sheet1 - Dataset'!K22 -> O020 | B23: ='Sheet1 - Dataset'!L22 -> SK006 | C23: ='Sheet1 - Dataset'!N22 -> 18 | D23: =IFERROR(VLOOKUP(B23,'Sheet1 - Dataset'!$A$3:$E$10,3,FALSE),"Not Found") -> Accessories | E23: =IFERROR(VLOOKUP(B23,'Sheet1 - Dataset'!$A$3:$E$10,4,FALSE),0) -> 750 | F23: =C23*E23 -> 13500 | G23: =IFERROR(DATEVALUE('Sheet1 - Dataset'!M22),'Sheet1 - Dataset'!M22) -> 46068
F24: =SUM(F4:F23) -> 773000

Sheet Sheet5 - Q4 Answer
A1: Q4. Build a two way lookup with INDEX and MATCH that returns stock on hand for any SKU and warehouse combination.
A3: Stock Grid (source)
A4: SKU | B4: West | C4: East | D4: Central
A5: ='Sheet1 - Dataset'!G3 -> SK001 | B5: ='Sheet1 - Dataset'!H3 -> 35 | C5: ='Sheet1 - Dataset'!I3 -> 50 | D5: ='Sheet1 - Dataset'!J3 -> 20
A6: ='Sheet1 - Dataset'!G4 -> SK002 | B6: ='Sheet1 - Dataset'!H4 -> 40 | C6: ='Sheet1 - Dataset'!I4 -> 15 | D6: ='Sheet1 - Dataset'!J4 -> 25
A7: ='Sheet1 - Dataset'!G5 -> SK003 | B7: ='Sheet1 - Dataset'!H5 -> 5 | C7: ='Sheet1 - Dataset'!I5 -> 4 | D7: ='Sheet1 - Dataset'!J5 -> 3
A8: ='Sheet1 - Dataset'!G6 -> SK004 | B8: ='Sheet1 - Dataset'!H6 -> 28 | C8: ='Sheet1 - Dataset'!I6 -> 32 | D8: ='Sheet1 - Dataset'!J6 -> 12
A9: ='Sheet1 - Dataset'!G7 -> SK005 | B9: ='Sheet1 - Dataset'!H7 -> 20 | C9: ='Sheet1 - Dataset'!I7 -> 18 | D9: ='Sheet1 - Dataset'!J7 -> 30
A10: ='Sheet1 - Dataset'!G8 -> SK006 | B10: ='Sheet1 - Dataset'!H8 -> 50 | C10: ='Sheet1 - Dataset'!I8 -> 40 | D10: ='Sheet1 - Dataset'!J8 -> 38
A11: ='Sheet1 - Dataset'!G9 -> SK007 | B11: ='Sheet1 - Dataset'!H9 -> 4 | C11: ='Sheet1 - Dataset'!I9 -> 3 | D11: ='Sheet1 - Dataset'!J9 -> 2
A12: ='Sheet1 - Dataset'!G10 -> SK008 | B12: ='Sheet1 - Dataset'!H10 -> 25 | C12: ='Sheet1 - Dataset'!I10 -> 22 | D12: ='Sheet1 - Dataset'!J10 -> 28
A14: Try It: Two Way Lookup
A16: Type a SKU: | B16: SK006
A17: Type a Warehouse: | B17: East
A18: Result (INDEX and MATCH): | B18: =INDEX($B$5:$D$12,MATCH(B16,$A$5:$A$12,0),MATCH(B17,$B$4:$D$4,0)) -> 40

Sheet Sheet6 - Q5 Answer
A1: Q5. Build a Pivot Table summarizing units sold and total sales value by Category and SKU.
A3: Live Pivot Table (right click, Refresh, to confirm it recalculates)
A5: Filter
A7: Category (VLOOKUP+IFERROR) | B7: SKU | C7: Data | F7: Row Labels | G7: Sum of Quantity | H7: Sum of Line Value
A8: Accessories | F8: Accessories | G8: 113 | H8: 90000
B9: SK004 | F9: SK004 | G9: 35 | H9: 31500
C10: Sum - Quantity | D10: 35 | F10: SK006 | G10: 78 | H10: 58500
C11: Sum - Line Value | D11: 31500 | F11: Audio | G11: 59 | H11: 157500
B12: SK006 | F12: SK007 | G12: 19 | H12: 85500
C13: Sum - Quantity | D13: 78 | F13: SK008 | G13: 40 | H13: 72000
C14: Sum - Line Value | D14: 58500 | F14: Displays | G14: 30 | H14: 375000
A15: Audio | F15: SK003 | G15: 30 | H15: 375000
B16: SK007 | F16: Peripherals | G16: 200 | H16: 150500
C17: Sum - Quantity | D17: 19 | F17: SK001 | G17: 130 | H17: 58500
C18: Sum - Line Value | D18: 85500 | F18: SK002 | G18: 40 | H18: 26000
B19: SK008 | F19: SK005 | G19: 30 | H19: 66000
C20: Sum - Quantity | D20: 40 | F20: Grand Total | G20: 402 | H20: 773000
C21: Sum - Line Value | D21: 72000
A22: Displays
B23: SK003
C24: Sum - Quantity | D24: 30
C25: Sum - Line Value | D25: 375000
A26: Peripherals
B27: SK001
C28: Sum - Quantity | D28: 130
C29: Sum - Line Value | D29: 58500
B30: SK002
C31: Sum - Quantity | D31: 40
C32: Sum - Line Value | D32: 26000
B33: SK005
C34: Sum - Quantity | D34: 30
C35: Sum - Line Value | D35: 66000
A36: Total Sum - Quantity | D36: 402
A37: Total Sum - Line Value | D37: 773000

Sheet Sheet7 - Q6 Answer
A1: Q6. Add formulas that pull units sold from your answer sheets, rank each SKU by units sold (Show Values As), and calculate each category's percent of total sales value.
A3: Fill the block below with independent SUMIF and RANK formulas — those are what is marked. Then, if you want the practice, write the same numbers again with GETPIVOTDATA against your Sheet6 pivot and check the two agree. GETPIVOTDATA reads a PivotTable's cached values rather than calculating them, so it is not automatically marked.
A6: SKU | B6: Units Sold | C6: Rank (Show Values As)
A7: SK001 | B7: =SUMIF('Sheet4 - Q3 Answer'!$B$4:$B$23,A7,'Sheet4 - Q3 Answer'!$C$4:$C$23) -> 130 | C7: =_xlfn.RANK.EQ(B7,$B$7:$B$14,0) -> 1
A8: SK002 | B8: =SUMIF('Sheet4 - Q3 Answer'!$B$4:$B$23,A8,'Sheet4 - Q3 Answer'!$C$4:$C$23) -> 40 | C8: =_xlfn.RANK.EQ(B8,$B$7:$B$14,0) -> 3
A9: SK003 | B9: =SUMIF('Sheet4 - Q3 Answer'!$B$4:$B$23,A9,'Sheet4 - Q3 Answer'!$C$4:$C$23) -> 30 | C9: =_xlfn.RANK.EQ(B9,$B$7:$B$14,0) -> 6
A10: SK004 | B10: =SUMIF('Sheet4 - Q3 Answer'!$B$4:$B$23,A10,'Sheet4 - Q3 Answer'!$C$4:$C$23) -> 35 | C10: =_xlfn.RANK.EQ(B10,$B$7:$B$14,0) -> 5
A11: SK005 | B11: =SUMIF('Sheet4 - Q3 Answer'!$B$4:$B$23,A11,'Sheet4 - Q3 Answer'!$C$4:$C$23) -> 30 | C11: =_xlfn.RANK.EQ(B11,$B$7:$B$14,0) -> 6
A12: SK006 | B12: =SUMIF('Sheet4 - Q3 Answer'!$B$4:$B$23,A12,'Sheet4 - Q3 Answer'!$C$4:$C$23) -> 78 | C12: =_xlfn.RANK.EQ(B12,$B$7:$B$14,0) -> 2
A13: SK007 | B13: =SUMIF('Sheet4 - Q3 Answer'!$B$4:$B$23,A13,'Sheet4 - Q3 Answer'!$C$4:$C$23) -> 19 | C13: =_xlfn.RANK.EQ(B13,$B$7:$B$14,0) -> 8
A14: SK008 | B14: =SUMIF('Sheet4 - Q3 Answer'!$B$4:$B$23,A14,'Sheet4 - Q3 Answer'!$C$4:$C$23) -> 40 | C14: =_xlfn.RANK.EQ(B14,$B$7:$B$14,0) -> 3
A16: Category | B16: Total Sales Value | C16: Percent of Total
A17: Peripherals | B17: =SUMIF('Sheet4 - Q3 Answer'!$D$4:$D$23,A17,'Sheet4 - Q3 Answer'!$F$4:$F$23) -> 150500 | C17: =B17/SUM($B$17:$B$20) -> 0.19469599
A18: Displays | B18: =SUMIF('Sheet4 - Q3 Answer'!$D$4:$D$23,A18,'Sheet4 - Q3 Answer'!$F$4:$F$23) -> 375000 | C18: =B18/SUM($B$17:$B$20) -> 0.4851229
A19: Accessories | B19: =SUMIF('Sheet4 - Q3 Answer'!$D$4:$D$23,A19,'Sheet4 - Q3 Answer'!$F$4:$F$23) -> 90000 | C19: =B19/SUM($B$17:$B$20) -> 0.1164295
A20: Audio | B20: =SUMIF('Sheet4 - Q3 Answer'!$D$4:$D$23,A20,'Sheet4 - Q3 Answer'!$F$4:$F$23) -> 157500 | C20: =B20/SUM($B$17:$B$20) -> 0.20375162

Sheet Sheet8 - Q7 Answer
A1: Q7. Build a chart visualizing units sold by SKU, ranked highest to lowest, to find the 80 over 20 cut.
A2: Note: Treemap, Waterfall and Funnel chart types are not available in this environment. A ranked bar chart is the closest genuine substitute.
A3: SKU | B3: Units Sold
A4: SK001 | B4: 130
A5: SK006 | B5: 78
A6: SK002 | B6: 40
A7: SK008 | B7: 40
A8: SK004 | B8: 35
A9: SK003 | B9: 30
A10: SK005 | B10: 30
A11: SK007 | B11: 19

Sheet Sheet9 - Q8 Answer
A1: Q8. Add a Slicer for Category and a Timeline for Order Date to your pivot table, connected so both filter it live.
A3: IMPORTANT, this feature must be built live in Excel
A4: A Slicer and a Timeline are genuine interactive Excel buttons, not something a script can generate inside a file. Click your Sheet6 pivot, then Insert, Slicer, choose Category, and Insert, Timeline, choose Order Date, exactly as taught in Module 7. Once built, clicking Peripherals on your Slicer should produce the same units sold shown below.
A9: Expected results once your Slicer is built (verified independently, for you to check against)
A11: Slicer Selection | B11: Units Sold Shown
A12: Category = Peripherals
A13: Category = Displays
A14: Category = Accessories
A15: Category = Audio

Sheet Sheet10 - Q9 Dashboard
A1: Q9. Build an Interactive Dashboard bringing together the pivot, the Slicer and Timeline from Q8, a chart, and key KPIs, and use Goal Seek for the SK007 reorder quantity.
A3: Total Units Sold | D3: Total Sales Value | G3: SKUs Needing Reorder | J3: Top Selling SKU | M3: Top SKU Units
A4: 402 | D4: Rs 773,000 | G4: 2 | J4: SK001 | M4: 130
A7: Category | B7: Total Sales Value
A8: Peripherals | B8: 150500
A9: Displays | B9: 375000
A10: Accessories | B10: 90000
A11: Audio | B11: 157500
A14: Reminder: connect your Slicer and Timeline from Sheet9 to this dashboard's pivot and chart too.
A16: Goal Seek: SK007 Reorder Quantity
A18: Average daily units sold (90 day window) | B18: ='Sheet7 - Q6 Answer'!B13/90 -> 0.21111111
A19: Current SK007 stock | B19: ='Sheet3 - Q2 Answer'!B10 -> 9
A20: Target days of stock cover | B20: 60
A21: Additional units to order | B21: 3.6666667
A22: Projected Days of Stock Cover | B22: =IFERROR((B19+B21)/B18,0) -> 60
